Model,n_districts,total_obs,RMSE_mean,RMSE_std,RMSE_median,RMSE_valid_count,MAE_mean,MAE_std,MAE_median,MAE_valid_count,MAPE_mean,MAPE_std,MAPE_median,MAPE_valid_count,R2_mean,R2_std,R2_median,R2_valid_count,NSE_mean,NSE_std,NSE_median,NSE_valid_count,NRMSE_mean,NRMSE_std,NRMSE_median,NRMSE_valid_count,KGE_mean,KGE_std,KGE_median,KGE_valid_count,KGE_valid_pct,PBIAS_mean,PBIAS_std,PBIAS_median,PBIAS_valid_count,Pearson r_mean,Pearson r_std,Pearson r_median,Pearson r_valid_count,Bias_mean,Bias_std,Bias_median,Bias_valid_count,Alpha_mean,Alpha_std,Alpha_median,Alpha_valid_count,Beta_mean,Beta_std,Beta_median,Beta_valid_count
Persistence,383,179519,2.823106,5.859203,1.146496,383,2.164075,4.731396,0.903031,383,23.158591,31.357166,13.80695,383,-1.69715,1.829363,-1.213944,383,-1.69715,1.829363,-1.213944,383,0.432077,0.164601,0.435011,383,,,,0,0.0,11418811491.197832,46053033932.21208,4174199999.999999,383,,,,0,1.042576,4.863063,0.438265,383,,,,0,,,,0
Random Forest,383,179519,1.064645,2.02733,0.530612,383,0.919144,1.523038,0.666667,383,6.777855,15.872571,1.04139,383,0.424094,0.675378,0.673654,383,0.424094,0.675378,0.673654,383,0.224959,0.202166,0.159711,383,0.425097,3.738289,0.793104,383,100.0,1692628959.660303,10292871661.56581,0.271122,383,2.881715,9.6053,0.966434,383,0.311893,1.392877,0.321458,383,0.534372,0.3984,0.506481,383,311105084.832851,1427771002.404587,0.99749,383
XGBoost,383,179519,1.239894,2.074012,0.912023,383,0.648746,1.621619,0.164965,383,6.842852,16.150081,0.966938,383,0.622967,0.72235,0.853384,383,0.673141,0.721713,0.935565,383,0.456379,0.38388,0.265105,383,0.358557,3.658392,0.69755,383,100.0,1283528999.440533,10513223972.314692,0.874706,383,0.822938,0.18102,0.899958,383,0.187522,1.365849,0.004227,383,16498028.71735,316650697.302314,0.610342,383,13275794.958566,254805577.2224,0.934075,383
