Model,n_districts,total_obs,RMSE_mean,RMSE_std,RMSE_median,RMSE_valid_count,MAE_mean,MAE_std,MAE_median,MAE_valid_count,MAPE_mean,MAPE_std,MAPE_median,MAPE_valid_count,R2_mean,R2_std,R2_median,R2_valid_count,NSE_mean,NSE_std,NSE_median,NSE_valid_count,KGE_mean,KGE_std,KGE_median,KGE_valid_count,KGE_valid_pct,PBIAS_mean,PBIAS_std,PBIAS_median,PBIAS_valid_count,Pearson r_mean,Pearson r_std,Pearson r_median,Pearson r_valid_count,Alpha_mean,Alpha_std,Alpha_median,Alpha_valid_count,Beta_mean,Beta_std,Beta_median,Beta_valid_count,NRMSE_mean,NRMSE_std,NRMSE_median,NRMSE_valid_count
Persistence,959,450666,5.988151,50.484133,1.300784,959,4.145077,27.7941,1.057735,959,3076452.947301,81577207.495073,14.381687,959,-1.636511,1.342064,-1.437693,857,-1.636511,1.342064,-1.437693,857,,,,0,0.0,-4123358754.870467,272631687698.64304,4984299999.999999,959,,,,0,,,,0,,,,0,0.481703,0.187313,0.486883,959
Random Forest,959,450666,1.307148,3.12794,0.877551,959,0.975301,2.182883,0.515354,959,554887.670768,20815705.986927,1.0,959,0.241345,0.567016,0.0,890,0.241345,0.567016,0.0,890,0.391782,0.620193,0.61817,870,90.72,817536487.021231,17929940780.413418,0.859097,959,556689.573814,20849435.45091,0.982977,956,0.594505,2.511649,0.367582,956,991011194.564596,18536331666.57142,0.998478,956,1.148743,3.531244,0.290938,959
XGBoost,959,450666,1.290939,3.135319,0.831287,959,0.700019,3.395242,0.284622,959,483884.221071,18152097.33445,0.906603,959,0.455475,0.579409,0.654496,655,0.595211,0.601634,0.863282,655,0.313271,0.467452,0.0,947,98.75,391461403.493141,17575946711.86864,0.666667,959,0.79181,0.313703,0.936505,956,6593182.037234,200339010.223364,0.698998,956,5305466.271592,161210752.332888,0.947817,956,0.615328,0.404102,0.785714,959
