Model,NRMSE (mean),NRMSE (std),RMSE (mean),MAE (mean),MAPE (mean),R2 (mean),R2 (std),NSE (mean),KGE (mean),KGE valid pct,Valid Districts,Total Obs
Persistence,0.432077,0.164601,2.823106,2.164075,23.158591,-1.69715,1.829363,-1.69715,,0.0,383,179519
Random Forest,0.224959,0.202166,1.064645,0.919144,6.777855,0.424094,0.675378,0.424094,0.425097,100.0,383,179519
XGBoost,0.456379,0.38388,1.239894,0.648746,6.842852,0.622967,0.72235,0.673141,0.358557,100.0,383,179519
