Model,RMSE (mean),MAE (mean),MAPE (mean),R2 (mean),R2 (std),NSE (mean),KGE (mean),KGE valid pct,Valid Districts,Total Obs
Persistence,5.988151,4.145077,3076452.947301,-1.636511,1.342064,-1.636511,N/A†,0.0,959,450666
Random Forest,1.307148,0.975301,554887.670768,0.241345,0.567016,0.241345,0.391782,90.72,959,450666
XGBoost,1.290939,0.700019,483884.221071,0.455475,0.579409,0.595211,0.313271,98.75,959,450666
