Model,Accuracy,Precision (macro),Recall (macro),F1 (macro),Total
Persistence,0.4439409632314863,0.4537331392071535,0.44339821065212454,0.43584082473124036,15448
Random Forest,0.8839979285344381,0.8731150707486609,0.8801996310993463,0.8757865672796044,15448
XGBoost,0.8934489901605386,0.8839494196865485,0.8908161771859824,0.8858719129113733,15448
