model,count,unweighted_mean,rows_weighted_mean
Persistence,164,0.44013975657906473,0.44396572629832826
Random Forest,164,0.8824300755691437,0.8839786758104039
XGBoost,164,0.8897001658176189,0.8934052341835017
